<?xml version="1.0" encoding="utf-8" ?>
<odoo>
    <record id="email_template_for_contract_manager" model="mail.template">
        <field name="name">Email Template For Manager</field>
        <field name="email_to">{{ ctx.get('email_to_manager','')}}</field>
        <field name="subject">{{ ctx.get('email_subject_manager','')}}</field>
        <field name="model_id" ref="contract_management_setu.model_hr_contract"/>
        <field name="body_html" type="html">
            <p>
                Hello This Is Test Email For Manager
            </p>
        </field>
    </record>
</odoo>